ImageID,Source,LabelName,Confidence,XMin,XMax,YMin,YMax,IsOccluded,IsTruncated,IsGroupOf,IsDepiction,IsInside
frame_0000,,Car,1,0.17180208333333333,0.25238020833333336,0.3826203703703704,0.505175925925926,0,-1,-1,-1,-1
frame_0000,,Car,1,0.31290104166666666,0.3549791666666666,0.19712037037037036,0.2878425925925926,0,-1,-1,-1,-1
frame_0000,,Car,1,0.4391302083333333,0.489265625,0.2639722222222222,0.3769722222222222,0,-1,-1,-1,-1
frame_0000,,Car,1,0.461515625,0.5317916666666667,0.3952777777777778,0.5607962962962962,0,-1,-1,-1,-1
frame_0000,,Car,1,0.08232291666666666,0.19517187500000002,0.937212962962963,1.0,0,-1,-1,-1,-1
frame_0000,,Car,1,0.22280208333333332,0.25431770833333334,0.10787962962962963,0.16774999999999998,0,-1,-1,-1,-1
frame_0000,,Car,1,0.27651041666666665,0.30673437499999995,0.10066666666666667,0.15592592592592594,0,-1,-1,-1,-1
frame_0000,,Car,1,0.2853645833333333,0.3069479166666667,0.031962962962962964,0.06343518518518519,0,-1,-1,-1,-1
frame_0000,,Car,1,0.31045833333333334,0.3296458333333333,0.00462037037037037,0.034194444444444444,0,-1,-1,-1,-1
frame_0001,,Car,1,0.16580208333333332,0.246375,0.3926851851851852,0.5152407407407408,0,-1,-1,-1,-1
frame_0001,,Car,1,0.310578125,0.35265625,0.2026203703703704,0.2933425925925926,0,-1,-1,-1,-1
frame_0001,,Car,1,0.43990625,0.49004166666666665,0.26396296296296295,0.3769722222222222,0,-1,-1,-1,-1
frame_0001,,Car,1,0.4591927083333333,0.5294739583333333,0.39939814814814817,0.5649259259259259,0,-1,-1,-1,-1
frame_0001,,Car,1,0.22325,0.254765625,0.10628703703703704,0.1661574074074074,0,-1,-1,-1,-1
frame_0001,,Car,1,0.27614062500000003,0.30635937500000004,0.10454629629629629,0.1598148148148148,0,-1,-1,-1,-1
frame_0001,,Car,1,0.28588020833333333,0.30746875,0.03334259259259259,0.06481481481481481,0,-1,-1,-1,-1
frame_0001,,Car,1,0.31121354166666665,0.3304010416666667,0.003638888888888889,0.03322222222222222,0,-1,-1,-1,-1
frame_0002,,Car,1,0.17180208333333333,0.25238020833333336,0.3826203703703704,0.505175925925926,0,-1,-1,-1,-1
frame_0002,,Car,1,0.22280208333333332,0.25431770833333334,0.10787962962962963,0.16774999999999998,0,-1,-1,-1,-1
frame_0002,,Car,1,0.4391302083333333,0.489265625,0.2639722222222222,0.3769722222222222,0,-1,-1,-1,-1
frame_0002,,Car,1,0.4391302083333333,0.489265625,0.2639722222222222,0.3769722222222222,0,-1,-1,-1,-1
frame_0002,,Car,1,0.461515625,0.5317916666666667,0.3952777777777778,0.5607962962962962,0,-1,-1,-1,-1
frame_0002,,Car,1,0.27651041666666665,0.30673437499999995,0.10066666666666667,0.15592592592592594,0,-1,-1,-1,-1
frame_0002,,Car,1,0.2853645833333333,0.3069479166666667,0.031962962962962964,0.06343518518518519,0,-1,-1,-1,-1
frame_0002,,Car,1,0.31045833333333334,0.3296458333333333,0.00462037037037037,0.034194444444444444,0,-1,-1,-1,-1
frame_0002,,Car,1,0.16020833333333334,0.24301562499999999,0.40251851851851855,0.5299444444444444,0,-1,-1,-1,-1
frame_0002,,Car,1,0.310015625,0.35261458333333334,0.2076851851851852,0.2984074074074074,0,-1,-1,-1,-1
frame_0002,,Car,1,0.44016145833333337,0.490296875,0.26616666666666666,0.3791759259259259,0,-1,-1,-1,-1
frame_0002,,Car,1,0.45972916666666663,0.5300104166666667,0.39996296296296296,0.5674074074074074,0,-1,-1,-1,-1
frame_0002,,Car,1,0.22327083333333334,0.25478645833333335,0.10648148148148148,0.1663425925925926,0,-1,-1,-1,-1
frame_0002,,Car,1,0.27575520833333333,0.30658854166666666,0.1075,0.16357407407407407,0,-1,-1,-1,-1
frame_0002,,Car,1,0.28584375,0.307578125,0.03487962962962963,0.0667962962962963,0,-1,-1,-1,-1
frame_0002,,Car,1,0.3111979166666667,0.3303854166666667,0.004888888888888889,0.03447222222222222,0,-1,-1,-1,-1
frame_0003,,Car,1,0.17180208333333333,0.25238020833333336,0.3826203703703704,0.505175925925926,0,-1,-1,-1,-1
frame_0003,,Car,1,0.22280208333333332,0.25431770833333334,0.10787962962962963,0.16774999999999998,0,-1,-1,-1,-1
frame_0003,,Car,1,0.4391302083333333,0.489265625,0.2639722222222222,0.3769722222222222,0,-1,-1,-1,-1
frame_0003,,Car,1,0.4391302083333333,0.489265625,0.2639722222222222,0.3769722222222222,0,-1,-1,-1,-1
frame_0003,,Car,1,0.461515625,0.5317916666666667,0.3952777777777778,0.5607962962962962,0,-1,-1,-1,-1
frame_0003,,Car,1,0.27651041666666665,0.30673437499999995,0.10066666666666667,0.15592592592592594,0,-1,-1,-1,-1
frame_0003,,Car,1,0.2853645833333333,0.3069479166666667,0.031962962962962964,0.06343518518518519,0,-1,-1,-1,-1
frame_0003,,Car,1,0.31045833333333334,0.3296458333333333,0.00462037037037037,0.034194444444444444,0,-1,-1,-1,-1
frame_0003,,Car,1,0.15460937500000002,0.23966145833333333,0.4123425925925926,0.5446388888888889,0,-1,-1,-1,-1
frame_0003,,Car,1,0.309453125,0.3525729166666667,0.21275000000000002,0.3034722222222222,0,-1,-1,-1,-1
frame_0003,,Car,1,0.4404166666666667,0.49055208333333333,0.26837037037037037,0.3813796296296296,0,-1,-1,-1,-1
frame_0003,,Car,1,0.460265625,0.530546875,0.40052777777777776,0.5698888888888889,0,-1,-1,-1,-1
frame_0003,,Car,1,0.2232916666666667,0.2548125,0.10666666666666667,0.16653703703703704,0,-1,-1,-1,-1
frame_0003,,Car,1,0.2753697916666667,0.3068177083333333,0.11044444444444444,0.16733333333333333,0,-1,-1,-1,-1
frame_0003,,Car,1,0.2858072916666667,0.3076875,0.03641666666666667,0.06878703703703705,0,-1,-1,-1,-1
frame_0003,,Car,1,0.31118229166666667,0.33036979166666663,0.006138888888888889,0.03572222222222222,0,-1,-1,-1,-1
frame_0004,,Car,1,0.17180208333333333,0.25238020833333336,0.3826203703703704,0.505175925925926,0,-1,-1,-1,-1
frame_0004,,Car,1,0.22280208333333332,0.25431770833333334,0.10787962962962963,0.16774999999999998,0,-1,-1,-1,-1
frame_0004,,Car,1,0.4391302083333333,0.489265625,0.2639722222222222,0.3769722222222222,0,-1,-1,-1,-1
frame_0004,,Car,1,0.4391302083333333,0.489265625,0.2639722222222222,0.3769722222222222,0,-1,-1,-1,-1
frame_0004,,Car,1,0.461515625,0.5317916666666667,0.3952777777777778,0.5607962962962962,0,-1,-1,-1,-1
frame_0004,,Car,1,0.27651041666666665,0.30673437499999995,0.10066666666666667,0.15592592592592594,0,-1,-1,-1,-1
frame_0004,,Car,1,0.2853645833333333,0.3069479166666667,0.031962962962962964,0.06343518518518519,0,-1,-1,-1,-1
frame_0004,,Car,1,0.31045833333333334,0.3296458333333333,0.00462037037037037,0.034194444444444444,0,-1,-1,-1,-1
frame_0004,,Car,1,0.149015625,0.23630208333333333,0.4221759259259259,0.5593425925925927,0,-1,-1,-1,-1
frame_0004,,Car,1,0.30888541666666663,0.3525260416666667,0.2178240740740741,0.30853703703703705,0,-1,-1,-1,-1
frame_0004,,Car,1,0.440671875,0.4908072916666667,0.2705740740740741,0.38358333333333333,0,-1,-1,-1,-1
frame_0004,,Car,1,0.4608072916666667,0.5310833333333334,0.4010925925925926,0.5723703703703703,0,-1,-1,-1,-1
frame_0004,,Car,1,0.2233125,0.2548333333333333,0.1068611111111111,0.16673148148148148,0,-1,-1,-1,-1
frame_0004,,Car,1,0.27498958333333334,0.307046875,0.11339814814814815,0.1710925925925926,0,-1,-1,-1,-1
frame_0004,,Car,1,0.2857708333333333,0.30780208333333337,0.037953703703703705,0.07076851851851852,0,-1,-1,-1,-1
frame_0004,,Car,1,0.3111666666666667,0.33035416666666667,0.007388888888888889,0.03697222222222222,0,-1,-1,-1,-1
frame_0005,,Car,1,0.17180208333333333,0.25238020833333336,0.3826203703703704,0.505175925925926,0,-1,-1,-1,-1
frame_0005,,Car,1,0.22280208333333332,0.25431770833333334,0.10787962962962963,0.16774999999999998,0,-1,-1,-1,-1
frame_0005,,Car,1,0.4391302083333333,0.489265625,0.2639722222222222,0.3769722222222222,0,-1,-1,-1,-1
frame_0005,,Car,1,0.4391302083333333,0.489265625,0.2639722222222222,0.3769722222222222,0,-1,-1,-1,-1
frame_0005,,Car,1,0.461515625,0.5317916666666667,0.3952777777777778,0.5607962962962962,0,-1,-1,-1,-1
frame_0005,,Car,1,0.27651041666666665,0.30673437499999995,0.10066666666666667,0.15592592592592594,0,-1,-1,-1,-1
frame_0005,,Car,1,0.2853645833333333,0.3069479166666667,0.031962962962962964,0.06343518518518519,0,-1,-1,-1,-1
frame_0005,,Car,1,0.31045833333333334,0.3296458333333333,0.00462037037037037,0.034194444444444444,0,-1,-1,-1,-1
frame_0005,,Car,1,0.143421875,0.23294270833333333,0.432,0.5740462962962963,0,-1,-1,-1,-1
frame_0005,,Car,1,0.30832291666666667,0.352484375,0.2228888888888889,0.31360185185185185,0,-1,-1,-1,-1
frame_0005,,Car,1,0.44092708333333336,0.4910625,0.2727777777777778,0.38578703703703704,0,-1,-1,-1,-1
frame_0005,,Car,1,0.46134375,0.5316197916666667,0.4016574074074074,0.5748518518518518,0,-1,-1,-1,-1
frame_0005,,Car,1,0.22333854166666667,0.25485416666666666,0.10705555555555556,0.16692592592592592,0,-1,-1,-1,-1
frame_0005,,Car,1,0.27460416666666665,0.3072708333333333,0.1163425925925926,0.17485185185185184,0,-1,-1,-1,-1
frame_0005,,Car,1,0.285734375,0.3079114583333334,0.039481481481481485,0.07275,0,-1,-1,-1,-1
frame_0005,,Car,1,0.31115104166666663,0.33033854166666665,0.008638888888888889,0.03822222222222222,0,-1,-1,-1,-1
frame_0006,,Car,1,0.13782291666666666,0.22958333333333333,0.4418240740740741,0.5887407407407408,0,-1,-1,-1,-1
frame_0006,,Car,1,0.30776041666666665,0.35244270833333335,0.22795370370370371,0.3186759259259259,0,-1,-1,-1,-1
frame_0006,,Car,1,0.44117708333333333,0.49131250000000004,0.2749814814814815,0.3879907407407407,0,-1,-1,-1,-1
frame_0006,,Car,1,0.4618802083333333,0.53215625,0.4022222222222222,0.5773425925925926,0,-1,-1,-1,-1
frame_0006,,Car,1,0.223359375,0.254875,0.10724074074074073,0.1671111111111111,0,-1,-1,-1,-1
frame_0006,,Car,1,0.27422395833333335,0.3075,0.1192962962962963,0.1786111111111111,0,-1,-1,-1,-1
frame_0006,,Car,1,0.28569791666666666,0.3080208333333333,0.04101851851851852,0.07473148148148148,0,-1,-1,-1,-1
frame_0006,,Car,1,0.31113541666666666,0.33032812500000003,0.009888888888888888,0.03947222222222223,0,-1,-1,-1,-1
frame_0007,,Car,1,0.17180208333333333,0.25238020833333336,0.3826203703703704,0.505175925925926,0,-1,-1,-1,-1
frame_0007,,Car,1,0.22280208333333332,0.25431770833333334,0.10787962962962963,0.16774999999999998,0,-1,-1,-1,-1
frame_0007,,Car,1,0.4391302083333333,0.489265625,0.2639722222222222,0.3769722222222222,0,-1,-1,-1,-1
frame_0007,,Car,1,0.4391302083333333,0.489265625,0.2639722222222222,0.3769722222222222,0,-1,-1,-1,-1
frame_0007,,Car,1,0.461515625,0.5317916666666667,0.3952777777777778,0.5607962962962962,0,-1,-1,-1,-1
frame_0007,,Car,1,0.27651041666666665,0.30673437499999995,0.10066666666666667,0.15592592592592594,0,-1,-1,-1,-1
frame_0007,,Car,1,0.2853645833333333,0.3069479166666667,0.031962962962962964,0.06343518518518519,0,-1,-1,-1,-1
frame_0007,,Car,1,0.31045833333333334,0.3296458333333333,0.00462037037037037,0.034194444444444444,0,-1,-1,-1,-1
frame_0007,,Car,1,0.12978125000000001,0.2255625,0.452,0.6068981481481482,0,-1,-1,-1,-1
frame_0007,,Car,1,0.306453125,0.35225520833333335,0.23265740740740742,0.3259074074074074,0,-1,-1,-1,-1
frame_0007,,Car,1,0.44140104166666666,0.4915364583333333,0.2765740740740741,0.38958333333333334,0,-1,-1,-1,-1
frame_0007,,Car,1,0.4622395833333333,0.5325156249999999,0.40476851851851847,0.5798888888888889,0,-1,-1,-1,-1
frame_0007,,Car,1,0.22338020833333333,0.2548958333333333,0.10743518518518519,0.16730555555555554,0,-1,-1,-1,-1
frame_0007,,Car,1,0.27396354166666664,0.30723958333333334,0.12264814814814816,0.18242592592592594,0,-1,-1,-1,-1
frame_0007,,Car,1,0.28576041666666663,0.3080833333333333,0.042833333333333334,0.07654629629629629,0,-1,-1,-1,-1
frame_0007,,Car,1,0.3114895833333333,0.33067708333333334,0.010851851851851852,0.040435185185185185,0,-1,-1,-1,-1
frame_0008,,Car,1,0.17180208333333333,0.25238020833333336,0.3826203703703704,0.505175925925926,0,-1,-1,-1,-1
frame_0008,,Car,1,0.22280208333333332,0.25431770833333334,0.10787962962962963,0.16774999999999998,0,-1,-1,-1,-1
frame_0008,,Car,1,0.4391302083333333,0.489265625,0.2639722222222222,0.3769722222222222,0,-1,-1,-1,-1
frame_0008,,Car,1,0.4391302083333333,0.489265625,0.2639722222222222,0.3769722222222222,0,-1,-1,-1,-1
frame_0008,,Car,1,0.461515625,0.5317916666666667,0.3952777777777778,0.5607962962962962,0,-1,-1,-1,-1
frame_0008,,Car,1,0.27651041666666665,0.30673437499999995,0.10066666666666667,0.15592592592592594,0,-1,-1,-1,-1
frame_0008,,Car,1,0.2853645833333333,0.3069479166666667,0.031962962962962964,0.06343518518518519,0,-1,-1,-1,-1
frame_0008,,Car,1,0.31045833333333334,0.3296458333333333,0.00462037037037037,0.034194444444444444,0,-1,-1,-1,-1
frame_0008,,Car,1,0.12173437499999999,0.22154166666666666,0.46216666666666667,0.6250462962962963,0,-1,-1,-1,-1
frame_0008,,Car,1,0.30514583333333334,0.35206770833333334,0.23736111111111113,0.33313888888888893,0,-1,-1,-1,-1
frame_0008,,Car,1,0.441625,0.49176041666666664,0.2781666666666667,0.3911759259259259,0,-1,-1,-1,-1
frame_0008,,Car,1,0.46259374999999997,0.532875,0.4073148148148148,0.5824351851851851,0,-1,-1,-1,-1
frame_0008,,Car,1,0.22340104166666666,0.2549166666666667,0.10762962962962963,0.1675,0,-1,-1,-1,-1
frame_0008,,Car,1,0.273703125,0.306984375,0.12599074074074074,0.18624074074074073,0,-1,-1,-1,-1
frame_0008,,Car,1,0.28582291666666665,0.30814583333333334,0.044648148148148145,0.0783611111111111,0,-1,-1,-1,-1
frame_0008,,Car,1,0.31184375000000003,0.33103125,0.011814814814814814,0.04139814814814815,0,-1,-1,-1,-1
frame_0009,,Car,1,0.17180208333333333,0.25238020833333336,0.3826203703703704,0.505175925925926,0,-1,-1,-1,-1
frame_0009,,Car,1,0.22280208333333332,0.25431770833333334,0.10787962962962963,0.16774999999999998,0,-1,-1,-1,-1
frame_0009,,Car,1,0.4391302083333333,0.489265625,0.2639722222222222,0.3769722222222222,0,-1,-1,-1,-1
frame_0009,,Car,1,0.4391302083333333,0.489265625,0.2639722222222222,0.3769722222222222,0,-1,-1,-1,-1
frame_0009,,Car,1,0.461515625,0.5317916666666667,0.3952777777777778,0.5607962962962962,0,-1,-1,-1,-1
frame_0009,,Car,1,0.27651041666666665,0.30673437499999995,0.10066666666666667,0.15592592592592594,0,-1,-1,-1,-1
frame_0009,,Car,1,0.2853645833333333,0.3069479166666667,0.031962962962962964,0.06343518518518519,0,-1,-1,-1,-1
frame_0009,,Car,1,0.31045833333333334,0.3296458333333333,0.00462037037037037,0.034194444444444444,0,-1,-1,-1,-1
frame_0009,,Car,1,0.11369270833333332,0.21752083333333333,0.4723425925925926,0.6431944444444444,0,-1,-1,-1,-1
frame_0009,,Car,1,0.3038385416666667,0.35188020833333333,0.24207407407407408,0.34037962962962964,0,-1,-1,-1,-1
frame_0009,,Car,1,0.4418489583333333,0.49198437500000003,0.27975925925925926,0.39275925925925925,0,-1,-1,-1,-1
frame_0009,,Car,1,0.462953125,0.5332343749999999,0.40986111111111106,0.5849814814814814,0,-1,-1,-1,-1
frame_0009,,Car,1,0.22342187500000002,0.2549375,0.10782407407407407,0.1676851851851852,0,-1,-1,-1,-1
frame_0009,,Car,1,0.27344270833333334,0.3067239583333333,0.1293425925925926,0.19006481481481483,0,-1,-1,-1,-1
frame_0009,,Car,1,0.28588541666666667,0.3082083333333333,0.04646296296296296,0.08017592592592593,0,-1,-1,-1,-1
frame_0009,,Car,1,0.31219791666666663,0.33138541666666665,0.012777777777777779,0.04236111111111111,0,-1,-1,-1,-1
frame_0010,,Car,1,0.17180208333333333,0.25238020833333336,0.3826203703703704,0.505175925925926,0,-1,-1,-1,-1
frame_0010,,Car,1,0.22280208333333332,0.25431770833333334,0.10787962962962963,0.16774999999999998,0,-1,-1,-1,-1
frame_0010,,Car,1,0.4391302083333333,0.489265625,0.2639722222222222,0.3769722222222222,0,-1,-1,-1,-1
frame_0010,,Car,1,0.4391302083333333,0.489265625,0.2639722222222222,0.3769722222222222,0,-1,-1,-1,-1
frame_0010,,Car,1,0.461515625,0.5317916666666667,0.3952777777777778,0.5607962962962962,0,-1,-1,-1,-1
frame_0010,,Car,1,0.27651041666666665,0.30673437499999995,0.10066666666666667,0.15592592592592594,0,-1,-1,-1,-1
frame_0010,,Car,1,0.2853645833333333,0.3069479166666667,0.031962962962962964,0.06343518518518519,0,-1,-1,-1,-1
frame_0010,,Car,1,0.31045833333333334,0.3296458333333333,0.00462037037037037,0.034194444444444444,0,-1,-1,-1,-1
frame_0010,,Car,1,0.10564583333333334,0.2135,0.48250925925925925,0.6613518518518519,0,-1,-1,-1,-1
frame_0010,,Car,1,0.3025364583333333,0.35169791666666667,0.24677777777777776,0.34761111111111115,0,-1,-1,-1,-1
frame_0010,,Car,1,0.44207291666666665,0.4922083333333333,0.28135185185185185,0.39435185185185184,0,-1,-1,-1,-1
frame_0010,,Car,1,0.46331249999999996,0.5335885416666667,0.4124074074074074,0.5875277777777778,0,-1,-1,-1,-1
frame_0010,,Car,1,0.22344270833333332,0.2549635416666666,0.10800925925925926,0.16787962962962963,0,-1,-1,-1,-1
frame_0010,,Car,1,0.27318749999999997,0.3064635416666667,0.13268518518518518,0.19387962962962962,0,-1,-1,-1,-1
frame_0010,,Car,1,0.28594791666666663,0.3082708333333333,0.04827777777777778,0.08198148148148149,0,-1,-1,-1,-1
frame_0010,,Car,1,0.31255208333333334,0.33173958333333337,0.01374074074074074,0.04332407407407407,0,-1,-1,-1,-1
frame_0011,,Car,1,0.09760416666666667,0.20947916666666666,0.4926851851851852,0.6795,0,-1,-1,-1,-1
frame_0011,,Car,1,0.30122916666666666,0.35151041666666666,0.25148148148148153,0.3548425925925926,0,-1,-1,-1,-1
frame_0011,,Car,1,0.44229687500000003,0.4924322916666667,0.28294444444444444,0.39594444444444443,0,-1,-1,-1,-1
frame_0011,,Car,1,0.463671875,0.5339479166666667,0.41495370370370366,0.5900740740740741,0,-1,-1,-1,-1
frame_0011,,Car,1,0.22346354166666668,0.254984375,0.1082037037037037,0.16807407407407407,0,-1,-1,-1,-1
frame_0011,,Car,1,0.2729270833333333,0.30620312499999996,0.136037037037037,0.19769444444444442,0,-1,-1,-1,-1
frame_0011,,Car,1,0.28601041666666666,0.30833333333333335,0.050083333333333334,0.0837962962962963,0,-1,-1,-1,-1
frame_0011,,Car,1,0.31290625,0.33209375,0.014703703703703705,0.044287037037037034,0,-1,-1,-1,-1
frame_0012,,Car,1,0.17180208333333333,0.25238020833333336,0.3826203703703704,0.505175925925926,0,-1,-1,-1,-1
frame_0012,,Car,1,0.22280208333333332,0.25431770833333334,0.10787962962962963,0.16774999999999998,0,-1,-1,-1,-1
frame_0012,,Car,1,0.4391302083333333,0.489265625,0.2639722222222222,0.3769722222222222,0,-1,-1,-1,-1
frame_0012,,Car,1,0.4391302083333333,0.489265625,0.2639722222222222,0.3769722222222222,0,-1,-1,-1,-1
frame_0012,,Car,1,0.461515625,0.5317916666666667,0.3952777777777778,0.5607962962962962,0,-1,-1,-1,-1
frame_0012,,Car,1,0.27651041666666665,0.30673437499999995,0.10066666666666667,0.15592592592592594,0,-1,-1,-1,-1
frame_0012,,Car,1,0.2853645833333333,0.3069479166666667,0.031962962962962964,0.06343518518518519,0,-1,-1,-1,-1
frame_0012,,Car,1,0.31045833333333334,0.3296458333333333,0.00462037037037037,0.034194444444444444,0,-1,-1,-1,-1
frame_0012,,Car,1,0.08893749999999999,0.203625,0.5080925925925927,0.7004074074074075,0,-1,-1,-1,-1
frame_0012,,Car,1,0.29966145833333335,0.35091666666666665,0.2571851851851852,0.3629351851851852,0,-1,-1,-1,-1
frame_0012,,Car,1,0.44273437499999996,0.4928697916666666,0.28455555555555556,0.3988611111111111,0,-1,-1,-1,-1
frame_0012,,Car,1,0.46347916666666666,0.5347239583333334,0.41681481481481486,0.5934537037037036,0,-1,-1,-1,-1
frame_0012,,Car,1,0.22348958333333335,0.25500520833333334,0.10836111111111112,0.16822222222222222,0,-1,-1,-1,-1
frame_0012,,Car,1,0.272265625,0.3060885416666667,0.13965740740740742,0.20217592592592593,0,-1,-1,-1,-1
frame_0012,,Car,1,0.2858177083333333,0.30840625,0.05177777777777778,0.08600925925925926,0,-1,-1,-1,-1
frame_0012,,Car,1,0.3130520833333333,0.3322395833333333,0.015759259259259258,0.0455,0,-1,-1,-1,-1
frame_0013,,Car,1,0.17180208333333333,0.25238020833333336,0.3826203703703704,0.505175925925926,0,-1,-1,-1,-1
frame_0013,,Car,1,0.22280208333333332,0.25431770833333334,0.10787962962962963,0.16774999999999998,0,-1,-1,-1,-1
frame_0013,,Car,1,0.4391302083333333,0.489265625,0.2639722222222222,0.3769722222222222,0,-1,-1,-1,-1
frame_0013,,Car,1,0.4391302083333333,0.489265625,0.2639722222222222,0.3769722222222222,0,-1,-1,-1,-1
frame_0013,,Car,1,0.461515625,0.5317916666666667,0.3952777777777778,0.5607962962962962,0,-1,-1,-1,-1
frame_0013,,Car,1,0.27651041666666665,0.30673437499999995,0.10066666666666667,0.15592592592592594,0,-1,-1,-1,-1
frame_0013,,Car,1,0.2853645833333333,0.3069479166666667,0.031962962962962964,0.06343518518518519,0,-1,-1,-1,-1
frame_0013,,Car,1,0.31045833333333334,0.3296458333333333,0.00462037037037037,0.034194444444444444,0,-1,-1,-1,-1
frame_0013,,Car,1,0.08027604166666666,0.19777083333333334,0.5235,0.7213055555555555,0,-1,-1,-1,-1
frame_0013,,Car,1,0.29809375,0.35032291666666665,0.2628888888888889,0.37102777777777773,0,-1,-1,-1,-1
frame_0013,,Car,1,0.443171875,0.49330729166666665,0.28617592592592594,0.4017685185185185,0,-1,-1,-1,-1
frame_0013,,Car,1,0.46329166666666666,0.5355000000000001,0.4186666666666667,0.5968425925925926,0,-1,-1,-1,-1
frame_0013,,Car,1,0.22351041666666666,0.25502604166666665,0.10850925925925926,0.16837962962962963,0,-1,-1,-1,-1
frame_0013,,Car,1,0.271609375,0.30597395833333335,0.14328703703703705,0.20664814814814816,0,-1,-1,-1,-1
frame_0013,,Car,1,0.2856302083333333,0.30847916666666664,0.05346296296296296,0.08822222222222223,0,-1,-1,-1,-1
frame_0013,,Car,1,0.3131979166666667,0.33238541666666666,0.016824074074074075,0.04672222222222222,0,-1,-1,-1,-1
frame_0014,,Car,1,0.17180208333333333,0.25238020833333336,0.3826203703703704,0.505175925925926,0,-1,-1,-1,-1
frame_0014,,Car,1,0.22280208333333332,0.25431770833333334,0.10787962962962963,0.16774999999999998,0,-1,-1,-1,-1
frame_0014,,Car,1,0.4391302083333333,0.489265625,0.2639722222222222,0.3769722222222222,0,-1,-1,-1,-1
frame_0014,,Car,1,0.4391302083333333,0.489265625,0.2639722222222222,0.3769722222222222,0,-1,-1,-1,-1
frame_0014,,Car,1,0.461515625,0.5317916666666667,0.3952777777777778,0.5607962962962962,0,-1,-1,-1,-1
frame_0014,,Car,1,0.27651041666666665,0.30673437499999995,0.10066666666666667,0.15592592592592594,0,-1,-1,-1,-1
frame_0014,,Car,1,0.2853645833333333,0.3069479166666667,0.031962962962962964,0.06343518518518519,0,-1,-1,-1,-1
frame_0014,,Car,1,0.31045833333333334,0.3296458333333333,0.00462037037037037,0.034194444444444444,0,-1,-1,-1,-1
frame_0014,,Car,1,0.071609375,0.19191666666666668,0.5389074074074074,0.7422037037037037,0,-1,-1,-1,-1
frame_0014,,Car,1,0.2965260416666667,0.3497291666666667,0.2685925925925926,0.3791203703703704,0,-1,-1,-1,-1
frame_0014,,Car,1,0.44360937500000003,0.4937447916666667,0.28778703703703706,0.40467592592592594,0,-1,-1,-1,-1
frame_0014,,Car,1,0.46310416666666665,0.5362760416666668,0.42051851851851857,0.6002222222222222,0,-1,-1,-1,-1
frame_0014,,Car,1,0.22353125000000001,0.255046875,0.10866666666666666,0.16853703703703704,0,-1,-1,-1,-1
frame_0014,,Car,1,0.2709479166666667,0.305859375,0.14691666666666667,0.21112962962962964,0,-1,-1,-1,-1
frame_0014,,Car,1,0.28543749999999996,0.3085572916666666,0.05514814814814815,0.09043518518518519,0,-1,-1,-1,-1
frame_0014,,Car,1,0.31334375,0.33253125,0.017879629629629627,0.04794444444444444,0,-1,-1,-1,-1
frame_0015,,Car,1,0.17180208333333333,0.25238020833333336,0.3826203703703704,0.505175925925926,0,-1,-1,-1,-1
frame_0015,,Car,1,0.22280208333333332,0.25431770833333334,0.10787962962962963,0.16774999999999998,0,-1,-1,-1,-1
frame_0015,,Car,1,0.4391302083333333,0.489265625,0.2639722222222222,0.3769722222222222,0,-1,-1,-1,-1
frame_0015,,Car,1,0.4391302083333333,0.489265625,0.2639722222222222,0.3769722222222222,0,-1,-1,-1,-1
frame_0015,,Car,1,0.461515625,0.5317916666666667,0.3952777777777778,0.5607962962962962,0,-1,-1,-1,-1
frame_0015,,Car,1,0.27651041666666665,0.30673437499999995,0.10066666666666667,0.15592592592592594,0,-1,-1,-1,-1
frame_0015,,Car,1,0.2853645833333333,0.3069479166666667,0.031962962962962964,0.06343518518518519,0,-1,-1,-1,-1
frame_0015,,Car,1,0.31045833333333334,0.3296458333333333,0.00462037037037037,0.034194444444444444,0,-1,-1,-1,-1
frame_0015,,Car,1,0.06294791666666667,0.1860625,0.5543148148148148,0.7631111111111111,0,-1,-1,-1,-1
frame_0015,,Car,1,0.2949583333333334,0.3491354166666667,0.2742962962962963,0.3872037037037037,0,-1,-1,-1,-1
frame_0015,,Car,1,0.444046875,0.49418229166666666,0.2894074074074074,0.40759259259259256,0,-1,-1,-1,-1
frame_0015,,Car,1,0.4629114583333333,0.5370520833333334,0.42237962962962966,0.6036111111111111,0,-1,-1,-1,-1
frame_0015,,Car,1,0.22355208333333335,0.25506770833333337,0.10881481481481481,0.1686851851851852,0,-1,-1,-1,-1
frame_0015,,Car,1,0.27028645833333337,0.30573958333333334,0.15053703703703705,0.21560185185185185,0,-1,-1,-1,-1
frame_0015,,Car,1,0.28524479166666666,0.3086302083333334,0.05683333333333333,0.09263888888888888,0,-1,-1,-1,-1
frame_0015,,Car,1,0.3134895833333333,0.33267708333333335,0.018944444444444444,0.04916666666666667,0,-1,-1,-1,-1
frame_0016,,Car,1,0.054286458333333336,0.18020833333333333,0.5697222222222221,0.7840092592592592,0,-1,-1,-1,-1
frame_0016,,Car,1,0.29339583333333336,0.3485416666666667,0.27999999999999997,0.3952962962962963,0,-1,-1,-1,-1
frame_0016,,Car,1,0.444484375,0.49461979166666664,0.2910185185185185,0.4105,0,-1,-1,-1,-1
frame_0016,,Car,1,0.4627239583333333,0.5378281250000001,0.4242314814814815,0.6069907407407407,0,-1,-1,-1,-1
frame_0016,,Car,1,0.22357291666666665,0.25508854166666667,0.10897222222222222,0.1688425925925926,0,-1,-1,-1,-1
frame_0016,,Car,1,0.26963020833333334,0.305625,0.15416666666666667,0.22008333333333333,0,-1,-1,-1,-1
frame_0016,,Car,1,0.2850520833333333,0.308703125,0.05851851851851852,0.09485185185185185,0,-1,-1,-1,-1
frame_0016,,Car,1,0.31363541666666667,0.33282291666666663,0.02,0.05038888888888889,0,-1,-1,-1,-1
frame_0017,,Car,1,0.17180208333333333,0.25238020833333336,0.3826203703703704,0.505175925925926,0,-1,-1,-1,-1
frame_0017,,Car,1,0.22280208333333332,0.25431770833333334,0.10787962962962963,0.16774999999999998,0,-1,-1,-1,-1
frame_0017,,Car,1,0.4391302083333333,0.489265625,0.2639722222222222,0.3769722222222222,0,-1,-1,-1,-1
frame_0017,,Car,1,0.4391302083333333,0.489265625,0.2639722222222222,0.3769722222222222,0,-1,-1,-1,-1
frame_0017,,Car,1,0.461515625,0.5317916666666667,0.3952777777777778,0.5607962962962962,0,-1,-1,-1,-1
frame_0017,,Car,1,0.27651041666666665,0.30673437499999995,0.10066666666666667,0.15592592592592594,0,-1,-1,-1,-1
frame_0017,,Car,1,0.2853645833333333,0.3069479166666667,0.031962962962962964,0.06343518518518519,0,-1,-1,-1,-1
frame_0017,,Car,1,0.31045833333333334,0.3296458333333333,0.00462037037037037,0.034194444444444444,0,-1,-1,-1,-1
frame_0017,,Car,1,0.04342708333333333,0.17267708333333334,0.5885555555555555,0.8113333333333334,0,-1,-1,-1,-1
frame_0017,,Car,1,0.2907083333333333,0.34779166666666667,0.28703703703703703,0.40471296296296294,0,-1,-1,-1,-1
frame_0017,,Car,1,0.444734375,0.4952447916666667,0.29256481481481483,0.4120462962962963,0,-1,-1,-1,-1
frame_0017,,Car,1,0.4627239583333333,0.5378281250000001,0.42595370370370367,0.6087222222222222,0,-1,-1,-1,-1
frame_0017,,Car,1,0.22359375,0.2551145833333333,0.10912037037037037,0.16899074074074072,0,-1,-1,-1,-1
frame_0017,,Car,1,0.2684635416666667,0.3054479166666667,0.15785185185185185,0.2250740740740741,0,-1,-1,-1,-1
frame_0017,,Car,1,0.2850520833333333,0.30885416666666665,0.0602037037037037,0.09720370370370371,0,-1,-1,-1,-1
frame_0017,,Car,1,0.3138125,0.333,0.020981481481481483,0.05162962962962962,0,-1,-1,-1,-1
frame_0018,,Car,1,0.17180208333333333,0.25238020833333336,0.3826203703703704,0.505175925925926,0,-1,-1,-1,-1
frame_0018,,Car,1,0.22280208333333332,0.25431770833333334,0.10787962962962963,0.16774999999999998,0,-1,-1,-1,-1
frame_0018,,Car,1,0.4391302083333333,0.489265625,0.2639722222222222,0.3769722222222222,0,-1,-1,-1,-1
frame_0018,,Car,1,0.4391302083333333,0.489265625,0.2639722222222222,0.3769722222222222,0,-1,-1,-1,-1
frame_0018,,Car,1,0.461515625,0.5317916666666667,0.3952777777777778,0.5607962962962962,0,-1,-1,-1,-1
frame_0018,,Car,1,0.27651041666666665,0.30673437499999995,0.10066666666666667,0.15592592592592594,0,-1,-1,-1,-1
frame_0018,,Car,1,0.2853645833333333,0.3069479166666667,0.031962962962962964,0.06343518518518519,0,-1,-1,-1,-1
frame_0018,,Car,1,0.31045833333333334,0.3296458333333333,0.00462037037037037,0.034194444444444444,0,-1,-1,-1,-1
frame_0018,,Car,1,0.03257291666666667,0.16514583333333333,0.6073888888888889,0.8386574074074075,0,-1,-1,-1,-1
frame_0018,,Car,1,0.28802083333333334,0.3470416666666667,0.2940740740740741,0.4141296296296296,0,-1,-1,-1,-1
frame_0018,,Car,1,0.444984375,0.49586458333333333,0.2941111111111111,0.4135925925925926,0,-1,-1,-1,-1
frame_0018,,Car,1,0.4627239583333333,0.5378281250000001,0.4276759259259259,0.6104444444444445,0,-1,-1,-1,-1
frame_0018,,Car,1,0.2236145833333333,0.25513541666666667,0.10927777777777778,0.16914814814814816,0,-1,-1,-1,-1
frame_0018,,Car,1,0.26729687500000004,0.3052708333333333,0.16153703703703703,0.23005555555555557,0,-1,-1,-1,-1
frame_0018,,Car,1,0.2850520833333333,0.30900520833333334,0.06188888888888889,0.09956481481481481,0,-1,-1,-1,-1
frame_0018,,Car,1,0.31398437500000004,0.333171875,0.021962962962962962,0.05287962962962963,0,-1,-1,-1,-1
frame_0019,,Car,1,0.17180208333333333,0.25238020833333336,0.3826203703703704,0.505175925925926,0,-1,-1,-1,-1
frame_0019,,Car,1,0.22280208333333332,0.25431770833333334,0.10787962962962963,0.16774999999999998,0,-1,-1,-1,-1
frame_0019,,Car,1,0.4391302083333333,0.489265625,0.2639722222222222,0.3769722222222222,0,-1,-1,-1,-1
frame_0019,,Car,1,0.4391302083333333,0.489265625,0.2639722222222222,0.3769722222222222,0,-1,-1,-1,-1
frame_0019,,Car,1,0.461515625,0.5317916666666667,0.3952777777777778,0.5607962962962962,0,-1,-1,-1,-1
frame_0019,,Car,1,0.27651041666666665,0.30673437499999995,0.10066666666666667,0.15592592592592594,0,-1,-1,-1,-1
frame_0019,,Car,1,0.2853645833333333,0.3069479166666667,0.031962962962962964,0.06343518518518519,0,-1,-1,-1,-1
frame_0019,,Car,1,0.31045833333333334,0.3296458333333333,0.00462037037037037,0.034194444444444444,0,-1,-1,-1,-1
frame_0019,,Car,1,0.021713541666666666,0.15761458333333334,0.6262222222222222,0.8659814814814815,0,-1,-1,-1,-1
frame_0019,,Car,1,0.28533854166666667,0.34629166666666666,0.3011111111111111,0.4235462962962963,0,-1,-1,-1,-1
frame_0019,,Car,1,0.445234375,0.496484375,0.2956574074074074,0.4151388888888889,0,-1,-1,-1,-1
frame_0019,,Car,1,0.4627239583333333,0.5378281250000001,0.4294074074074074,0.6121666666666666,0,-1,-1,-1,-1
frame_0019,,Car,1,0.22364062499999998,0.25515625,0.10943518518518518,0.1692962962962963,0,-1,-1,-1,-1
frame_0019,,Car,1,0.26613020833333334,0.30509375,0.16522222222222221,0.23504629629629628,0,-1,-1,-1,-1
frame_0019,,Car,1,0.2850520833333333,0.30915625,0.06357407407407407,0.10191666666666666,0,-1,-1,-1,-1
frame_0019,,Car,1,0.31416145833333337,0.33334895833333333,0.022944444444444444,0.054120370370370374,0,-1,-1,-1,-1
frame_0020,,Car,1,0.17180208333333333,0.25238020833333336,0.3826203703703704,0.505175925925926,0,-1,-1,-1,-1
frame_0020,,Car,1,0.22280208333333332,0.25431770833333334,0.10787962962962963,0.16774999999999998,0,-1,-1,-1,-1
frame_0020,,Car,1,0.4391302083333333,0.489265625,0.2639722222222222,0.3769722222222222,0,-1,-1,-1,-1
frame_0020,,Car,1,0.4391302083333333,0.489265625,0.2639722222222222,0.3769722222222222,0,-1,-1,-1,-1
frame_0020,,Car,1,0.461515625,0.5317916666666667,0.3952777777777778,0.5607962962962962,0,-1,-1,-1,-1
frame_0020,,Car,1,0.27651041666666665,0.30673437499999995,0.10066666666666667,0.15592592592592594,0,-1,-1,-1,-1
frame_0020,,Car,1,0.2853645833333333,0.3069479166666667,0.031962962962962964,0.06343518518518519,0,-1,-1,-1,-1
frame_0020,,Car,1,0.31045833333333334,0.3296458333333333,0.00462037037037037,0.034194444444444444,0,-1,-1,-1,-1
frame_0020,,Car,1,0.010859375000000001,0.15008333333333335,0.6450555555555555,0.8932962962962963,0,-1,-1,-1,-1
frame_0020,,Car,1,0.2826510416666667,0.3455416666666667,0.30814814814814817,0.432962962962963,0,-1,-1,-1,-1
frame_0020,,Car,1,0.4454791666666667,0.497109375,0.29720370370370375,0.41668518518518516,0,-1,-1,-1,-1
frame_0020,,Car,1,0.4627239583333333,0.5378281250000001,0.43112962962962964,0.6138888888888889,0,-1,-1,-1,-1
frame_0020,,Car,1,0.22366145833333334,0.25517708333333333,0.10958333333333332,0.1694537037037037,0,-1,-1,-1,-1
frame_0020,,Car,1,0.2649635416666667,0.30491666666666667,0.1689074074074074,0.24003703703703705,0,-1,-1,-1,-1
frame_0020,,Car,1,0.2850520833333333,0.30930208333333337,0.06525925925925927,0.10426851851851852,0,-1,-1,-1,-1
frame_0020,,Car,1,0.3143333333333333,0.33352604166666666,0.023925925925925927,0.05536111111111112,0,-1,-1,-1,-1
frame_0021,,Car,1,0.0,0.14255208333333333,0.6638888888888889,0.9206203703703704,0,-1,-1,-1,-1
frame_0021,,Car,1,0.27996354166666665,0.34479166666666666,0.3151851851851852,0.4423796296296296,0,-1,-1,-1,-1
frame_0021,,Car,1,0.4457291666666666,0.49772916666666667,0.2987592592592593,0.41824074074074075,0,-1,-1,-1,-1
frame_0021,,Car,1,0.4627239583333333,0.5378281250000001,0.4328518518518519,0.6156111111111111,0,-1,-1,-1,-1
frame_0021,,Car,1,0.22368229166666667,0.2551979166666667,0.10974074074074074,0.16961111111111113,0,-1,-1,-1,-1
frame_0021,,Car,1,0.2638020833333333,0.30473958333333334,0.1725925925925926,0.24502777777777776,0,-1,-1,-1,-1
frame_0021,,Car,1,0.2850520833333333,0.309453125,0.06694444444444445,0.10662037037037038,0,-1,-1,-1,-1
frame_0021,,Car,1,0.3145104166666667,0.3336979166666667,0.024907407407407406,0.05661111111111111,0,-1,-1,-1,-1
frame_0022,,Car,1,0.0,0.13479166666666667,0.6890740740740741,0.9206203703703704,0,-1,-1,-1,-1
frame_0022,,Car,1,0.27865625,0.343484375,0.3230277777777778,0.45022222222222225,0,-1,-1,-1,-1
frame_0022,,Car,1,0.4457291666666666,0.49772916666666667,0.300962962962963,0.42044444444444445,0,-1,-1,-1,-1
frame_0022,,Car,1,0.4630989583333333,0.5381979166666666,0.4355,0.6182685185185185,0,-1,-1,-1,-1
frame_0022,,Car,1,0.22383854166666667,0.25535416666666666,0.11028703703703703,0.17015740740740742,0,-1,-1,-1,-1
frame_0022,,Car,1,0.26381770833333335,0.3047552083333333,0.17814814814814817,0.25221296296296297,0,-1,-1,-1,-1
frame_0022,,Car,1,0.2853645833333333,0.309765625,0.06937037037037037,0.1090462962962963,0,-1,-1,-1,-1
frame_0022,,Car,1,0.31544791666666666,0.3346354166666667,0.027314814814814816,0.05901851851851852,0,-1,-1,-1,-1
frame_0023,,Car,1,0.0,0.12406249999999999,0.7113888888888888,0.9866759259259258,0,-1,-1,-1,-1
frame_0023,,Car,1,0.27686458333333336,0.3416927083333333,0.3323611111111111,0.45955555555555555,0,-1,-1,-1,-1
frame_0023,,Car,1,0.4472760416666667,0.49927604166666667,0.3017592592592592,0.42124074074074075,0,-1,-1,-1,-1
frame_0023,,Car,1,0.46444270833333334,0.5395416666666667,0.4370925925925926,0.6198611111111112,0,-1,-1,-1,-1
frame_0023,,Car,1,0.22399479166666666,0.2555104166666667,0.11084259259259259,0.17071296296296296,0,-1,-1,-1,-1
frame_0023,,Car,1,0.2631927083333333,0.3041354166666667,0.18257407407407408,0.2566388888888889,0,-1,-1,-1,-1
frame_0023,,Car,1,0.28510416666666666,0.30950520833333334,0.07350925925925926,0.11319444444444444,0,-1,-1,-1,-1
frame_0023,,Car,1,0.315265625,0.33445312499999996,0.027314814814814816,0.05901851851851852,0,-1,-1,-1,-1
frame_0024,,Car,1,0.0,0.11437499999999999,0.730462962962963,0.9866759259259258,0,-1,-1,-1,-1
frame_0024,,Car,1,0.275,0.33982812500000004,0.33675925925925926,0.4706111111111111,0,-1,-1,-1,-1
frame_0024,,Car,1,0.44620312500000003,0.49820312499999997,0.30367592592592596,0.4231574074074074,0,-1,-1,-1,-1
frame_0024,,Car,1,0.46390625,0.5390052083333334,0.4385277777777778,0.6212962962962963,0,-1,-1,-1,-1
frame_0024,,Car,1,0.22388020833333336,0.25540104166666666,0.11081481481481482,0.1706851851851852,0,-1,-1,-1,-1
frame_0024,,Car,1,0.26111979166666666,0.3020625,0.1880925925925926,0.2621574074074074,0,-1,-1,-1,-1
frame_0024,,Car,1,0.28495312500000003,0.309359375,0.07377777777777779,0.11345370370370371,0,-1,-1,-1,-1
frame_0024,,Car,1,0.3154166666666667,0.3346041666666667,0.02864814814814815,0.060342592592592594,0,-1,-1,-1,-1
frame_0025,,Car,1,0.0,0.10197916666666668,0.7593518518518518,0.9866759259259258,0,-1,-1,-1,-1
frame_0025,,Car,1,0.2688125,0.3390625,0.3477777777777778,0.48711111111111116,0,-1,-1,-1,-1
frame_0025,,Car,1,0.44405208333333335,0.497640625,0.3037037037037037,0.4269722222222222,0,-1,-1,-1,-1
frame_0025,,Car,1,0.4633645833333333,0.5384687499999999,0.439962962962963,0.6227222222222222,0,-1,-1,-1,-1
frame_0025,,Car,1,0.22377083333333334,0.2552916666666667,0.1107962962962963,0.1706574074074074,0,-1,-1,-1,-1
frame_0025,,Car,1,0.2595104166666667,0.30307291666666664,0.19212962962962962,0.27075925925925926,0,-1,-1,-1,-1
frame_0025,,Car,1,0.28447916666666667,0.30973958333333335,0.0763888888888889,0.11698148148148148,0,-1,-1,-1,-1
frame_0025,,Car,1,0.31528125,0.33510416666666665,0.029796296296296296,0.06256481481481481,0,-1,-1,-1,-1
frame_0026,,Car,1,0.0,0.09359374999999999,0.78,0.9924074074074074,0,-1,-1,-1,-1
frame_0026,,Car,1,0.266203125,0.336453125,0.35574074074074075,0.49639814814814814,0,-1,-1,-1,-1
frame_0026,,Car,1,0.4446979166666667,0.49828645833333335,0.3037037037037037,0.4269722222222222,0,-1,-1,-1,-1
frame_0026,,Car,1,0.4635520833333333,0.5386562500000001,0.4422962962962963,0.6263703703703704,0,-1,-1,-1,-1
frame_0026,,Car,1,0.22366145833333334,0.25518229166666667,0.11076851851851852,0.17063888888888887,0,-1,-1,-1,-1
frame_0026,,Car,1,0.25730729166666666,0.30190104166666665,0.1962962962962963,0.27605555555555555,0,-1,-1,-1,-1
frame_0026,,Car,1,0.28447916666666667,0.30973958333333335,0.07816666666666666,0.11875925925925924,0,-1,-1,-1,-1
frame_0026,,Car,1,0.31615624999999997,0.33597916666666666,0.03112962962962963,0.06389814814814815,0,-1,-1,-1,-1
frame_0027,,Car,1,0.0,0.08197916666666667,0.8075,0.9924074074074074,0,-1,-1,-1,-1
frame_0027,,Car,1,0.26284375,0.33755208333333336,0.3630555555555556,0.5096574074074074,0,-1,-1,-1,-1
frame_0027,,Car,1,0.4443229166666667,0.49791145833333333,0.3050277777777778,0.4322777777777778,0,-1,-1,-1,-1
frame_0027,,Car,1,0.4637395833333333,0.53884375,0.4446296296296296,0.6300185185185185,0,-1,-1,-1,-1
frame_0027,,Car,1,0.22355208333333335,0.25507291666666665,0.11074074074074074,0.1706111111111111,0,-1,-1,-1,-1
frame_0027,,Car,1,0.255109375,0.30072916666666666,0.20046296296296295,0.28135185185185185,0,-1,-1,-1,-1
frame_0027,,Car,1,0.28447916666666667,0.30973958333333335,0.08094444444444444,0.12153703703703703,0,-1,-1,-1,-1
frame_0027,,Car,1,0.31615624999999997,0.33597916666666666,0.032518518518518516,0.06528703703703705,0,-1,-1,-1,-1
frame_0028,,Car,1,0.0,0.06807291666666666,0.8377777777777777,0.9924074074074074,0,-1,-1,-1,-1
frame_0028,,Car,1,0.258546875,0.33325520833333333,0.3754722222222222,0.5220740740740741,0,-1,-1,-1,-1
frame_0028,,Car,1,0.44540104166666666,0.498984375,0.3050277777777778,0.4322777777777778,0,-1,-1,-1,-1
frame_0028,,Car,1,0.4637395833333333,0.53884375,0.45131481481481484,0.6367037037037037,0,-1,-1,-1,-1
frame_0028,,Car,1,0.2236145833333333,0.25513020833333333,0.11031481481481481,0.1701851851851852,0,-1,-1,-1,-1
frame_0028,,Car,1,0.2538125,0.29943229166666663,0.20783333333333334,0.28871296296296295,0,-1,-1,-1,-1
frame_0028,,Car,1,0.28447916666666667,0.30973958333333335,0.08360185185185186,0.12420370370370369,0,-1,-1,-1,-1
frame_0028,,Car,1,0.31640625,0.33622916666666663,0.03451851851851852,0.06728703703703703,0,-1,-1,-1,-1
frame_0029,,Car,1,0.0,0.05723958333333334,0.8735185185185185,0.9924074074074074,0,-1,-1,-1,-1
frame_0029,,Car,1,0.2573020833333333,0.33378125000000003,0.37825,0.5368240740740741,0,-1,-1,-1,-1
frame_0029,,Car,1,0.44540104166666666,0.498984375,0.30724074074074076,0.43449074074074073,0,-1,-1,-1,-1
frame_0029,,Car,1,0.46411458333333333,0.5393958333333334,0.45232407407407405,0.6363703703703704,0,-1,-1,-1,-1
frame_0029,,Car,1,0.223671875,0.25519270833333335,0.1098888888888889,0.16975925925925925,0,-1,-1,-1,-1
frame_0029,,Car,1,0.25169270833333335,0.29963541666666665,0.21101851851851852,0.29562962962962963,0,-1,-1,-1,-1
frame_0029,,Car,1,0.2832708333333333,0.3103489583333333,0.08411111111111111,0.12730555555555556,0,-1,-1,-1,-1
frame_0029,,Car,1,0.3166145833333333,0.3364375,0.03507407407407408,0.0678425925925926,0,-1,-1,-1,-1
frame_0030,,Car,1,0.0,0.04020833333333333,0.9064814814814814,0.9924074074074074,0,-1,-1,-1,-1
frame_0030,,Car,1,0.2541875,0.33066666666666666,0.3918611111111111,0.5504351851851852,0,-1,-1,-1,-1
frame_0030,,Car,1,0.44614583333333335,0.499734375,0.30989814814814814,0.4371388888888889,0,-1,-1,-1,-1
frame_0030,,Car,1,0.46448437499999995,0.5399479166666666,0.45333333333333337,0.636037037037037,0,-1,-1,-1,-1
frame_0030,,Car,1,0.22373437499999999,0.25525,0.10946296296296296,0.16933333333333334,0,-1,-1,-1,-1
frame_0030,,Car,1,0.250140625,0.29808333333333337,0.21608333333333335,0.30069444444444443,0,-1,-1,-1,-1
frame_0030,,Car,1,0.2842083333333333,0.3112864583333333,0.08744444444444444,0.13062962962962965,0,-1,-1,-1,-1
frame_0030,,Car,1,0.3165104166666667,0.3363333333333333,0.03674074074074074,0.06950925925925926,0,-1,-1,-1,-1
frame_0031,,Car,1,0.0,0.019791666666666666,0.9408333333333333,0.9924074074074074,0,-1,-1,-1,-1
frame_0031,,Car,1,0.2527083333333333,0.32890625,0.40185185185185185,0.5637962962962962,0,-1,-1,-1,-1
frame_0031,,Car,1,0.44645833333333335,0.5000416666666667,0.30934259259259256,0.4365925925925926,0,-1,-1,-1,-1
frame_0031,,Car,1,0.464796875,0.5402604166666667,0.4544351851851852,0.6371481481481481,0,-1,-1,-1,-1
frame_0031,,Car,1,0.22342187500000002,0.2549427083333333,0.11277777777777777,0.17264814814814816,0,-1,-1,-1,-1
frame_0031,,Car,1,0.24940104166666668,0.29734374999999996,0.22314814814814815,0.30842592592592594,0,-1,-1,-1,-1
frame_0031,,Car,1,0.2836666666666667,0.31074999999999997,0.09,0.13319444444444445,0,-1,-1,-1,-1
frame_0031,,Car,1,0.31671875,0.33654166666666663,0.038592592592592595,0.07136111111111111,0,-1,-1,-1,-1
